{
  "name": "Theme05",
  "black": "#3e3e3e",
  "red": "#970b16",
  "green": "#07962a",
  "yellow": "#f8eec7",
  "blue": "#003e8a",
  "purple": "#e94691",
  "cyan": "#89d1ec",
  "white": "#ffffff",
  "brightBlack": "#666666",
  "brightRed": "#de0000",
  "brightGreen": "#87d5a2",
  "brightYellow": "#f1d007",
  "brightBlue": "#2e6cba",
  "brightPurple": "#ffa29f",
  "brightCyan": "#1cfafe",
  "brightWhite": "#ffffff",
  "background": "#f4f4f4",
  "foreground": "#3e3e3e",
  "cursorColor": "#3f3f3f",
  "selectionBackground": "#a9c1e2",
  "messageFontWeight": "regular"
}
