{
  "name": "Theme12",
  "black": "#000000",
  "red": "#ff0000",
  "green": "#59d600",
  "yellow": "#f0cb00",
  "blue": "#00a2ff",
  "purple": "#c17ecc",
  "cyan": "#00d0d6",
  "white": "#e6ebe1",
  "brightBlack": "#8f928b",
  "brightRed": "#ff0013",
  "brightGreen": "#93ff00",
  "brightYellow": "#fff121",
  "brightBlue": "#88c9ff",
  "brightPurple": "#e9a7e1",
  "brightCyan": "#00feff",
  "brightWhite": "#f6f6f4",
  "background": "#ffffff",
  "foreground": "#000000",
  "cursorColor": "#000000",
  "selectionBackground": "#c1deff",
  "messageFontWeight": "regular"
}
