{
  "name": "Theme57",
  "black": "#7f7f7f",
  "red": "#e15a60",
  "green": "#a9cfa4",
  "yellow": "#ffe2a9",
  "blue": "#6699cc",
  "purple": "#f1a5ab",
  "cyan": "#5fb3b3",
  "white": "#d4d4d4",
  "brightBlack": "#7f7f7f",
  "brightRed": "#e15a60",
  "brightGreen": "#a9cfa4",
  "brightYellow": "#ffe2a9",
  "brightBlue": "#6699cc",
  "brightPurple": "#f1a5ab",
  "brightCyan": "#5fb3b3",
  "brightWhite": "#d4d4d4",
  "background": "#282c35",
  "foreground": "#d4d4d4",
  "cursorColor": "#c7c7c7",
  "selectionBackground": "#484e5b",
  "messageFontWeight": "light"
}
