{
  "name": "Theme39",
  "black": "#322931",
  "red": "#dd464c",
  "green": "#8fc13e",
  "yellow": "#fdcc59",
  "blue": "#1290bf",
  "purple": "#c85e7c",
  "cyan": "#149b93",
  "white": "#b9b5b8",
  "brightBlack": "#797379",
  "brightRed": "#dd464c",
  "brightGreen": "#8fc13e",
  "brightYellow": "#fdcc59",
  "brightBlue": "#1290bf",
  "brightPurple": "#c85e7c",
  "brightCyan": "#149b93",
  "brightWhite": "#ffffff",
  "background": "#322931",
  "foreground": "#b9b5b8",
  "cursorColor": "#b9b5b8",
  "selectionBackground": "#5c545b",
  "messageFontWeight": "light"
}
