{
  "name": "Theme17",
  "black": "#073642",
  "red": "#dc322f",
  "green": "#859900",
  "yellow": "#b58900",
  "blue": "#268bd2",
  "purple": "#d33682",
  "cyan": "#2aa198",
  "white": "#eee8d5",
  "brightBlack": "#002b36",
  "brightRed": "#cb4b16",
  "brightGreen": "#586e75",
  "brightYellow": "#657b83",
  "brightBlue": "#839496",
  "brightPurple": "#6c71c4",
  "brightCyan": "#93a1a1",
  "brightWhite": "#fdf6e3",
  "background": "#fdf6e3",
  "foreground": "#657b83",
  "cursorColor": "#657b83",
  "selectionBackground": "#eee8d5",
  "messageFontWeight": "regular"
}
