{
  "name": "Theme30",
  "black": "#000000",
  "red": "#fd6209",
  "green": "#41a83e",
  "yellow": "#ffe862",
  "blue": "#245032",
  "purple": "#f8f8f8",
  "cyan": "#9df39f",
  "white": "#ffffff",
  "brightBlack": "#323232",
  "brightRed": "#ff943b",
  "brightGreen": "#73da70",
  "brightYellow": "#ffff94",
  "brightBlue": "#568264",
  "brightPurple": "#ffffff",
  "brightCyan": "#cfffd1",
  "brightWhite": "#ffffff",
  "background": "#051f14",
  "foreground": "#dadedc",
  "cursorColor": "#ffcc00",
  "selectionBackground": "#203727",
  "messageFontWeight": "light"
}
