{
  "name": "Theme37",
  "black": "#000000",
  "red": "#d00e18",
  "green": "#138034",
  "yellow": "#ffcb3e",
  "blue": "#006bb3",
  "purple": "#6b2775",
  "cyan": "#384564",
  "white": "#ededed",
  "brightBlack": "#5d504a",
  "brightRed": "#f07e18",
  "brightGreen": "#b1d130",
  "brightYellow": "#fff120",
  "brightBlue": "#4fc2fd",
  "brightPurple": "#de0071",
  "brightCyan": "#5d504a",
  "brightWhite": "#ffffff",
  "background": "#222225",
  "foreground": "#ededed",
  "cursorColor": "#e0d9b9",
  "selectionBackground": "#384564",
  "messageFontWeight": "light"
}
