{
  "name": "Theme09",
  "black": "#000000",
  "red": "#e5492b",
  "green": "#50d148",
  "yellow": "#c6c440",
  "blue": "#3b75ff",
  "purple": "#ed66e8",
  "cyan": "#4ed2de",
  "white": "#dcdcdc",
  "brightBlack": "#9f9f9f",
  "brightRed": "#ff6640",
  "brightGreen": "#61ef57",
  "brightYellow": "#f2f156",
  "brightBlue": "#0082ff",
  "brightPurple": "#ff7eff",
  "brightCyan": "#61f7f8",
  "brightWhite": "#f2f2f2",
  "background": "#ffffff",
  "foreground": "#191919",
  "cursorColor": "#4d4d4d",
  "selectionBackground": "#c1ddff",
  "messageFontWeight": "regular"
}
