{
  "name": "Theme06",
  "black": "#212121",
  "red": "#b7141f",
  "green": "#457b24",
  "yellow": "#f6981e",
  "blue": "#134eb2",
  "purple": "#560088",
  "cyan": "#0e717c",
  "white": "#efefef",
  "brightBlack": "#424242",
  "brightRed": "#e83b3f",
  "brightGreen": "#7aba3a",
  "brightYellow": "#ffea2e",
  "brightBlue": "#54a4f3",
  "brightPurple": "#aa4dbc",
  "brightCyan": "#26bbd1",
  "brightWhite": "#d9d9d9",
  "background": "#eaeaea",
  "foreground": "#232322",
  "cursorColor": "#16afca",
  "selectionBackground": "#c2c2c2",
  "messageFontWeight": "regular"
}
