{
  "name": "Theme24",
  "black": "#2f2833",
  "red": "#fc644d",
  "green": "#a5f69c",
  "yellow": "#e9d7a5",
  "blue": "#3b79c7",
  "purple": "#f92672",
  "cyan": "#74d3de",
  "white": "#d5ced9",
  "brightBlack": "#7e6c88",
  "brightRed": "#fc644d",
  "brightGreen": "#a5f69c",
  "brightYellow": "#e9d7a5",
  "brightBlue": "#3b79c7",
  "brightPurple": "#f92672",
  "brightCyan": "#74d3de",
  "brightWhite": "#ffffff",
  "background": "#2f2833",
  "foreground": "#d5ced9",
  "cursorColor": "#d5ced9",
  "selectionBackground": "#7e6c88",
  "messageFontWeight": "light"
}
