{
  "name": "Theme21",
  "black": "#191e2a",
  "red": "#ed8274",
  "green": "#a6cc70",
  "yellow": "#fad07b",
  "blue": "#6dcbfa",
  "purple": "#cfbafa",
  "cyan": "#90e1c6",
  "white": "#c7c7c7",
  "brightBlack": "#686868",
  "brightRed": "#f28779",
  "brightGreen": "#bae67e",
  "brightYellow": "#ffd580",
  "brightBlue": "#73d0ff",
  "brightPurple": "#d4bfff",
  "brightCyan": "#95e6cb",
  "brightWhite": "#ffffff",
  "background": "#1f2430",
  "foreground": "#cbccc6",
  "cursorColor": "#ffcc66",
  "selectionBackground": "#33415e",
  "messageFontWeight": "light"
}
