{
  "name": "Theme19",
  "black": "#151515",
  "red": "#ac4142",
  "green": "#7e8e50",
  "yellow": "#e5b567",
  "blue": "#6c99bb",
  "purple": "#9f4e85",
  "cyan": "#7dd6cf",
  "white": "#d0d0d0",
  "brightBlack": "#505050",
  "brightRed": "#ac4142",
  "brightGreen": "#7e8e50",
  "brightYellow": "#e5b567",
  "brightBlue": "#6c99bb",
  "brightPurple": "#9f4e85",
  "brightCyan": "#7dd6cf",
  "brightWhite": "#f5f5f5",
  "background": "#212121",
  "foreground": "#d0d0d0",
  "cursorColor": "#d0d0d0",
  "selectionBackground": "#303030",
  "messageFontWeight": "light"
}
