{
  "name": "Theme08",
  "black": "#212121",
  "red": "#c30771",
  "green": "#10a778",
  "yellow": "#a89c14",
  "blue": "#008ec4",
  "purple": "#523c79",
  "cyan": "#20a5ba",
  "white": "#d9d9d9",
  "brightBlack": "#424242",
  "brightRed": "#fb007a",
  "brightGreen": "#5fd7af",
  "brightYellow": "#f3e430",
  "brightBlue": "#20bbfc",
  "brightPurple": "#6855de",
  "brightCyan": "#4fb8cc",
  "brightWhite": "#f1f1f1",
  "background": "#f1f1f1",
  "foreground": "#424242",
  "cursorColor": "#20bbfc",
  "selectionBackground": "#b6d6fd",
  "messageFontWeight": "regular"
}
