{
  "name": "Theme15",
  "black": "#000000",
  "red": "#ff3333",
  "green": "#86b300",
  "yellow": "#f29718",
  "blue": "#41a6d9",
  "purple": "#f07178",
  "cyan": "#4dbf99",
  "white": "#ffffff",
  "brightBlack": "#323232",
  "brightRed": "#ff6565",
  "brightGreen": "#b8e532",
  "brightYellow": "#ffc94a",
  "brightBlue": "#73d8ff",
  "brightPurple": "#ffa3aa",
  "brightCyan": "#7ff1cb",
  "brightWhite": "#ffffff",
  "background": "#fafafa",
  "foreground": "#5c6773",
  "cursorColor": "#ff6a00",
  "selectionBackground": "#f0eee4",
  "messageFontWeight": "regular"
}
