{
  "name": "Theme40",
  "black": "#323232",
  "red": "#d25252",
  "green": "#7fe173",
  "yellow": "#ffc66d",
  "blue": "#4099ff",
  "purple": "#f680ff",
  "cyan": "#bed6ff",
  "white": "#eeeeec",
  "brightBlack": "#535353",
  "brightRed": "#f07070",
  "brightGreen": "#9dff91",
  "brightYellow": "#ffe48b",
  "brightBlue": "#5eb7f7",
  "brightPurple": "#ff9dff",
  "brightCyan": "#dcf4ff",
  "brightWhite": "#ffffff",
  "background": "#323232",
  "foreground": "#ffffff",
  "cursorColor": "#d6d6d6",
  "selectionBackground": "#5b5b5b",
  "messageFontWeight": "light"
}
